PostID,Description,URL
101,"Lorem Ipsum","https://upload.wikimedia.org/wikipedia/commons/thumb/5/56/Circle-icons-cloud.svg/2048px-Circle-icons-cloud.svg.png"
102,"Lorem Ipsum","https://upload.wikimedia.org/wikipedia/commons/thumb/5/56/Circle-icons-cloud.svg/2048px-Circle-icons-cloud.svg.png"
103,"Lorem Ipsum","https://upload.wikimedia.org/wikipedia/commons/thumb/5/56/Circle-icons-cloud.svg/2048px-Circle-icons-cloud.svg.png"
104,"Lorem Ipsum","https://upload.wikimedia.org/wikipedia/commons/thumb/5/56/Circle-icons-cloud.svg/2048px-Circle-icons-cloud.svg.png"
105,"Lorem Ipsum","https://upload.wikimedia.org/wikipedia/commons/thumb/5/56/Circle-icons-cloud.svg/2048px-Circle-icons-cloud.svg.png"
106,"Lorem Ipsum","https://upload.wikimedia.org/wikipedia/commons/thumb/5/56/Circle-icons-cloud.svg/2048px-Circle-icons-cloud.svg.png"
107,"Lorem Ipsum","https://upload.wikimedia.org/wikipedia/commons/thumb/5/56/Circle-icons-cloud.svg/2048px-Circle-icons-cloud.svg.png"
108,"Lorem Ipsum","https://upload.wikimedia.org/wikipedia/commons/thumb/5/56/Circle-icons-cloud.svg/2048px-Circle-icons-cloud.svg.png"
109,"Lorem Ipsum","https://upload.wikimedia.org/wikipedia/commons/thumb/5/56/Circle-icons-cloud.svg/2048px-Circle-icons-cloud.svg.png"
110,"Lorem Ipsum","https://upload.wikimedia.org/wikipedia/commons/thumb/5/56/Circle-icons-cloud.svg/2048px-Circle-icons-cloud.svg.png"